case_id,object_type,event_id,activity,timestamp
CONTRACT_0x1985365e9f78359a9B6AD760e32412f4a445E862,CONTRACT,EID_37,delegate call to get payout distribution hash,2018-11-04T18:10:48
EOA_0xfefd4d0ba475d601685ba16129a1de39ec91e9f7,EOA,EID_37,delegate call to get payout distribution hash,2018-11-04T18:10:48
EOA_0xF62b6d44701cABbB319b280f50c886ae887FBA4F,EOA,EID_37,delegate call to get payout distribution hash,2018-11-04T18:10:48
CONTRACT_0x75228DcE4D82566d93068A8D5d49435216551599,CONTRACT,EID_432,create new contract,2018-07-10T17:31:19
EOA_0xa42cc2e88ceaadaedc44f2b981c1146b23f61da7,EOA,EID_432,create new contract,2018-07-10T17:31:19
MARKET_0x0000000000000000000000000000000000000000,MARKET,EID_432,create new contract,2018-07-10T17:31:19
TOKEN_0x1985365e9f78359a9b6ad760e32412f4a445e862,TOKEN,EID_432,create new contract,2018-07-10T17:31:19
CONTRACT_0x75228DcE4D82566d93068A8D5d49435216551599,CONTRACT,EID_20859,call and transfer Ether,2018-08-05T11:39:35
EOA_0x1e9ef0481f1ca1608644a171e294888937a7be89,EOA,EID_20859,call and transfer Ether,2018-08-05T11:39:35
MARKET_0x0000000000000000000000000000000000000000,MARKET,EID_20859,call and transfer Ether,2018-08-05T11:39:35
TOKEN_0x1985365e9f78359a9b6ad760e32412f4a445e862,TOKEN,EID_20859,call and transfer Ether,2018-08-05T11:39:35
CONTRACT_0x75228DcE4D82566d93068A8D5d49435216551599,CONTRACT,EID_20860,call to trade with limit,2018-08-05T11:39:35
EOA_0xc32a28fed4e5ab663e1cfb7b54f9a6e810b032de,EOA,EID_20860,call to trade with limit,2018-08-05T11:39:35
MARKET_0x0000000000000000000000000000000000000000,MARKET,EID_20860,call to trade with limit,2018-08-05T11:39:35
MARKET_0xc8503fb536c2032ad676b4cf26dfa33585eb43af,MARKET,EID_20860,call to trade with limit,2018-08-05T11:39:35
TOKEN_0x1985365e9f78359a9b6ad760e32412f4a445e862,TOKEN,EID_20860,call to trade with limit,2018-08-05T11:39:35
CONTRACT_0x75228DcE4D82566d93068A8D5d49435216551599,CONTRACT,EID_20861,call to trade with limit,2018-08-05T11:39:35
EOA_0x5d5b837546f4ae957bc2a354598fea3c9c4e7528,EOA,EID_20861,call to trade with limit,2018-08-05T11:39:35
MARKET_0x0000000000000000000000000000000000000000,MARKET,EID_20861,call to trade with limit,2018-08-05T11:39:35
MARKET_0xc8503fb536c2032ad676b4cf26dfa33585eb43af,MARKET,EID_20861,call to trade with limit,2018-08-05T11:39:35
TOKEN_0x1985365e9f78359a9b6ad760e32412f4a445e862,TOKEN,EID_20861,call to trade with limit,2018-08-05T11:39:35
CONTRACT_0x75228DcE4D82566d93068A8D5d49435216551599,CONTRACT,EID_20862,call and transfer Ether,2018-08-05T11:39:35
EOA_0xb09bc2e966be9f7b4667c0abc4797f1fe0a41e70,EOA,EID_20862,call and transfer Ether,2018-08-05T11:39:35
MARKET_0x0000000000000000000000000000000000000000,MARKET,EID_20862,call and transfer Ether,2018-08-05T11:39:35
TOKEN_0x1985365e9f78359a9b6ad760e32412f4a445e862,TOKEN,EID_20862,call and transfer Ether,2018-08-05T11:39:35
CONTRACT_0x75228DcE4D82566d93068A8D5d49435216551599,CONTRACT,EID_20863,call to trade with limit,2018-08-05T11:39:35
EOA_0x6e266e6ac48d22fc42def8d183ea42ddd4c9f705,EOA,EID_20863,call to trade with limit,2018-08-05T11:39:35
MARKET_0x0000000000000000000000000000000000000000,MARKET,EID_20863,call to trade with limit,2018-08-05T11:39:35
MARKET_0xc8503fb536c2032ad676b4cf26dfa33585eb43af,MARKET,EID_20863,call to trade with limit,2018-08-05T11:39:35
TOKEN_0x1985365e9f78359a9b6ad760e32412f4a445e862,TOKEN,EID_20863,call to trade with limit,2018-08-05T11:39:35
CONTRACT_0x75228DcE4D82566d93068A8D5d49435216551599,CONTRACT,EID_20864,call to trade with limit,2018-08-05T11:40:01
EOA_0xf769093ebab89e3cc88b0827c7ffd913e087f79a,EOA,EID_20864,call to trade with limit,2018-08-05T11:40:01
MARKET_0x0000000000000000000000000000000000000000,MARKET,EID_20864,call to trade with limit,2018-08-05T11:40:01
MARKET_0xc8503fb536c2032ad676b4cf26dfa33585eb43af,MARKET,EID_20864,call to trade with limit,2018-08-05T11:40:01
TOKEN_0x1985365e9f78359a9b6ad760e32412f4a445e862,TOKEN,EID_20864,call to trade with limit,2018-08-05T11:40:01
CONTRACT_0x75228DcE4D82566d93068A8D5d49435216551599,CONTRACT,EID_20865,call and transfer Ether,2018-08-05T11:40:01
EOA_0x9d5087f17917a9ea466532ef2741b81048df358d,EOA,EID_20865,call and transfer Ether,2018-08-05T11:40:01
MARKET_0x0000000000000000000000000000000000000000,MARKET,EID_20865,call and transfer Ether,2018-08-05T11:40:01
TOKEN_0x1985365e9f78359a9b6ad760e32412f4a445e862,TOKEN,EID_20865,call and transfer Ether,2018-08-05T11:40:01
CONTRACT_0x75228DcE4D82566d93068A8D5d49435216551599,CONTRACT,EID_20866,call to trade with limit,2018-08-05T11:40:01
EOA_0x5ce86c34b41b10941f6382d0d0a0295e2c49ea3f,EOA,EID_20866,call to trade with limit,2018-08-05T11:40:01
MARKET_0x0000000000000000000000000000000000000000,MARKET,EID_20866,call to trade with limit,2018-08-05T11:40:01
MARKET_0xc8503fb536c2032ad676b4cf26dfa33585eb43af,MARKET,EID_20866,call to trade with limit,2018-08-05T11:40:01
TOKEN_0x1985365e9f78359a9b6ad760e32412f4a445e862,TOKEN,EID_20866,call to trade with limit,2018-08-05T11:40:01
CONTRACT_0x75228DcE4D82566d93068A8D5d49435216551599,CONTRACT,EID_20867,call to trade with limit,2018-08-05T11:40:18
EOA_0x2c13be39e52ae27f80b45612d0d8f0afc1efef68,EOA,EID_20867,call to trade with limit,2018-08-05T11:40:18
MARKET_0x0000000000000000000000000000000000000000,MARKET,EID_20867,call to trade with limit,2018-08-05T11:40:18
MARKET_0xc8503fb536c2032ad676b4cf26dfa33585eb43af,MARKET,EID_20867,call to trade with limit,2018-08-05T11:40:18
TOKEN_0x1985365e9f78359a9b6ad760e32412f4a445e862,TOKEN,EID_20867,call to trade with limit,2018-08-05T11:40:18
CONTRACT_0x75228DcE4D82566d93068A8D5d49435216551599,CONTRACT,EID_20868,call and transfer Ether,2018-08-05T11:40:18
EOA_0x92552d434f1a3980fec85dec915f338db6343bc1,EOA,EID_20868,call and transfer Ether,2018-08-05T11:40:18
MARKET_0x0000000000000000000000000000000000000000,MARKET,EID_20868,call and transfer Ether,2018-08-05T11:40:18
TOKEN_0x1985365e9f78359a9b6ad760e32412f4a445e862,TOKEN,EID_20868,call and transfer Ether,2018-08-05T11:40:18
CONTRACT_0x75228DcE4D82566d93068A8D5d49435216551599,CONTRACT,EID_20869,call to trade with limit,2018-08-05T11:40:18
EOA_0x8fda5b77510de3451314e8cdb4977cf75b68b6cf,EOA,EID_20869,call to trade with limit,2018-08-05T11:40:18
MARKET_0x0000000000000000000000000000000000000000,MARKET,EID_20869,call to trade with limit,2018-08-05T11:40:18
MARKET_0xc8503fb536c2032ad676b4cf26dfa33585eb43af,MARKET,EID_20869,call to trade with limit,2018-08-05T11:40:18
TOKEN_0x1985365e9f78359a9b6ad760e32412f4a445e862,TOKEN,EID_20869,call to trade with limit,2018-08-05T11:40:18
CONTRACT_0x75228DcE4D82566d93068A8D5d49435216551599,CONTRACT,EID_20870,call to trade with limit,2018-08-05T11:40:18
EOA_0x7183169575d20c8fc92311cdd261444ed25a3e26,EOA,EID_20870,call to trade with limit,2018-08-05T11:40:18
MARKET_0x0000000000000000000000000000000000000000,MARKET,EID_20870,call to trade with limit,2018-08-05T11:40:18
MARKET_0xc8503fb536c2032ad676b4cf26dfa33585eb43af,MARKET,EID_20870,call to trade with limit,2018-08-05T11:40:18
TOKEN_0x1985365e9f78359a9b6ad760e32412f4a445e862,TOKEN,EID_20870,call to trade with limit,2018-08-05T11:40:18
CONTRACT_0x75228DcE4D82566d93068A8D5d49435216551599,CONTRACT,EID_20871,call and transfer Ether,2018-08-05T11:40:18
EOA_0xbcbdf4efd41ee2361f28e0855feca584e1d8dc28,EOA,EID_20871,call and transfer Ether,2018-08-05T11:40:18
MARKET_0x0000000000000000000000000000000000000000,MARKET,EID_20871,call and transfer Ether,2018-08-05T11:40:18
TOKEN_0x1985365e9f78359a9b6ad760e32412f4a445e862,TOKEN,EID_20871,call and transfer Ether,2018-08-05T11:40:18
CONTRACT_0x75228DcE4D82566d93068A8D5d49435216551599,CONTRACT,EID_20872,call to trade with limit,2018-08-05T11:40:18
EOA_0x82c9aa834cf41f89c8a555d8b0795072197103ed,EOA,EID_20872,call to trade with limit,2018-08-05T11:40:18
MARKET_0x0000000000000000000000000000000000000000,MARKET,EID_20872,call to trade with limit,2018-08-05T11:40:18
MARKET_0xc8503fb536c2032ad676b4cf26dfa33585eb43af,MARKET,EID_20872,call to trade with limit,2018-08-05T11:40:18
TOKEN_0x1985365e9f78359a9b6ad760e32412f4a445e862,TOKEN,EID_20872,call to trade with limit,2018-08-05T11:40:18
CONTRACT_0x75228DcE4D82566d93068A8D5d49435216551599,CONTRACT,EID_20873,call to trade with limit,2018-08-05T11:40:43
EOA_0xa2a64d78cee53ae11a764caad574e4644235ac9b,EOA,EID_20873,call to trade with limit,2018-08-05T11:40:43
MARKET_0x0000000000000000000000000000000000000000,MARKET,EID_20873,call to trade with limit,2018-08-05T11:40:43
MARKET_0xc8503fb536c2032ad676b4cf26dfa33585eb43af,MARKET,EID_20873,call to trade with limit,2018-08-05T11:40:43
TOKEN_0x1985365e9f78359a9b6ad760e32412f4a445e862,TOKEN,EID_20873,call to trade with limit,2018-08-05T11:40:43
CONTRACT_0x75228DcE4D82566d93068A8D5d49435216551599,CONTRACT,EID_20874,call and transfer Ether,2018-08-05T11:40:43
EOA_0x893b3166123429d451478a1fcd7070639ce4bf40,EOA,EID_20874,call and transfer Ether,2018-08-05T11:40:43
MARKET_0x0000000000000000000000000000000000000000,MARKET,EID_20874,call and transfer Ether,2018-08-05T11:40:43
TOKEN_0x1985365e9f78359a9b6ad760e32412f4a445e862,TOKEN,EID_20874,call and transfer Ether,2018-08-05T11:40:43
CONTRACT_0x75228DcE4D82566d93068A8D5d49435216551599,CONTRACT,EID_20875,call to trade with limit,2018-08-05T11:40:43
EOA_0x6a0f3244e60300800b769073645f18a1fc861bb1,EOA,EID_20875,call to trade with limit,2018-08-05T11:40:43
MARKET_0x0000000000000000000000000000000000000000,MARKET,EID_20875,call to trade with limit,2018-08-05T11:40:43
MARKET_0xc8503fb536c2032ad676b4cf26dfa33585eb43af,MARKET,EID_20875,call to trade with limit,2018-08-05T11:40:43
TOKEN_0x1985365e9f78359a9b6ad760e32412f4a445e862,TOKEN,EID_20875,call to trade with limit,2018-08-05T11:40:43
CONTRACT_0x75228DcE4D82566d93068A8D5d49435216551599,CONTRACT,EID_20876,call to trade with limit,2018-08-05T11:40:43
EOA_0x75631fba38f7766e0370a81adb2eb672b2298bb0,EOA,EID_20876,call to trade with limit,2018-08-05T11:40:43
MARKET_0x0000000000000000000000000000000000000000,MARKET,EID_20876,call to trade with limit,2018-08-05T11:40:43
MARKET_0xc8503fb536c2032ad676b4cf26dfa33585eb43af,MARKET,EID_20876,call to trade with limit,2018-08-05T11:40:43
TOKEN_0x1985365e9f78359a9b6ad760e32412f4a445e862,TOKEN,EID_20876,call to trade with limit,2018-08-05T11:40:43
CONTRACT_0x75228DcE4D82566d93068A8D5d49435216551599,CONTRACT,EID_20877,call and transfer Ether,2018-08-05T11:40:43
EOA_0xc714667d79e043a7fe687483b0df2681dd6e7e9f,EOA,EID_20877,call and transfer Ether,2018-08-05T11:40:43
MARKET_0x0000000000000000000000000000000000000000,MARKET,EID_20877,call and transfer Ether,2018-08-05T11:40:43
TOKEN_0x1985365e9f78359a9b6ad760e32412f4a445e862,TOKEN,EID_20877,call and transfer Ether,2018-08-05T11:40:43
CONTRACT_0x75228DcE4D82566d93068A8D5d49435216551599,CONTRACT,EID_20878,call to trade with limit,2018-08-05T11:40:43
EOA_0x182ec3f83e4746ef94807c8c897ca84cc80128d9,EOA,EID_20878,call to trade with limit,2018-08-05T11:40:43
MARKET_0x0000000000000000000000000000000000000000,MARKET,EID_20878,call to trade with limit,2018-08-05T11:40:43
MARKET_0xc8503fb536c2032ad676b4cf26dfa33585eb43af,MARKET,EID_20878,call to trade with limit,2018-08-05T11:40:43
TOKEN_0x1985365e9f78359a9b6ad760e32412f4a445e862,TOKEN,EID_20878,call to trade with limit,2018-08-05T11:40:43
CONTRACT_0x75228DcE4D82566d93068A8D5d49435216551599,CONTRACT,EID_20879,call to trade with limit,2018-08-05T11:41:14
EOA_0x603e940192207df220c6fe901123a015aa527ed7,EOA,EID_20879,call to trade with limit,2018-08-05T11:41:14
MARKET_0x0000000000000000000000000000000000000000,MARKET,EID_20879,call to trade with limit,2018-08-05T11:41:14
MARKET_0xc8503fb536c2032ad676b4cf26dfa33585eb43af,MARKET,EID_20879,call to trade with limit,2018-08-05T11:41:14
TOKEN_0x1985365e9f78359a9b6ad760e32412f4a445e862,TOKEN,EID_20879,call to trade with limit,2018-08-05T11:41:14
CONTRACT_0x75228DcE4D82566d93068A8D5d49435216551599,CONTRACT,EID_20880,call and transfer Ether,2018-08-05T11:41:14
EOA_0xd3ac62644deb09022f54f8769c4d70bf19d8d94f,EOA,EID_20880,call and transfer Ether,2018-08-05T11:41:14
MARKET_0x0000000000000000000000000000000000000000,MARKET,EID_20880,call and transfer Ether,2018-08-05T11:41:14
TOKEN_0x1985365e9f78359a9b6ad760e32412f4a445e862,TOKEN,EID_20880,call and transfer Ether,2018-08-05T11:41:14
CONTRACT_0x75228DcE4D82566d93068A8D5d49435216551599,CONTRACT,EID_20881,call to trade with limit,2018-08-05T11:41:14
EOA_0xce22EE8303beb9228F7a3a0D2D9f38B3FcD0cAb3,EOA,EID_20881,call to trade with limit,2018-08-05T11:41:14
EOA_0x26ecc0743191a8e030c8a9af03ec69c4ca087f8c,EOA,EID_20881,call to trade with limit,2018-08-05T11:41:14
MARKET_0x0000000000000000000000000000000000000000,MARKET,EID_20881,call to trade with limit,2018-08-05T11:41:14
MARKET_0xc8503fb536c2032ad676b4cf26dfa33585eb43af,MARKET,EID_20881,call to trade with limit,2018-08-05T11:41:14
TOKEN_0x1985365e9f78359a9b6ad760e32412f4a445e862,TOKEN,EID_20881,call to trade with limit,2018-08-05T11:41:14
CONTRACT_0x75228DcE4D82566d93068A8D5d49435216551599,CONTRACT,EID_20882,call to trade with limit,2018-08-05T11:41:14
EOA_0x2Ea148b5ccD25Bf277DD5cF01733FCeF1811c3fb,EOA,EID_20882,call to trade with limit,2018-08-05T11:41:14
EOA_0xf9932eb1ea2109aecaa37a987bb6e46587046ada,EOA,EID_20882,call to trade with limit,2018-08-05T11:41:14
MARKET_0x0000000000000000000000000000000000000000,MARKET,EID_20882,call to trade with limit,2018-08-05T11:41:14
MARKET_0xc8503fb536c2032ad676b4cf26dfa33585eb43af,MARKET,EID_20882,call to trade with limit,2018-08-05T11:41:14
TOKEN_0x1985365e9f78359a9b6ad760e32412f4a445e862,TOKEN,EID_20882,call to trade with limit,2018-08-05T11:41:14
CONTRACT_0x1985365e9f78359a9B6AD760e32412f4a445E862,CONTRACT,EID_20883,call and transfer Ether,2018-08-05T11:41:14
EOA_0x36efdD9C29444c1DEa7f0B0B2Ec86467D7afE1f3,EOA,EID_20883,call and transfer Ether,2018-08-05T11:41:14
EOA_0xc76edcd2b1fde705f7504cf9e19a11a12ee895dd,EOA,EID_20883,call and transfer Ether,2018-08-05T11:41:14
CONTRACT_0x1985365e9f78359a9B6AD760e32412f4a445E862,CONTRACT,EID_20884,call to trade with limit,2018-08-05T11:41:14
EOA_0xC2EE0B0784d0C609Bdb4F39C5cA677542884FF28,EOA,EID_20884,call to trade with limit,2018-08-05T11:41:14
EOA_0xb7f2f3babaa29c5dad83ce042523062fc4b534a5,EOA,EID_20884,call to trade with limit,2018-08-05T11:41:14
MARKET_0xc8503fb536c2032ad676b4cf26dfa33585eb43af,MARKET,EID_20884,call to trade with limit,2018-08-05T11:41:14
CONTRACT_0x1985365e9f78359a9B6AD760e32412f4a445E862,CONTRACT,EID_20885,call to trade with limit,2018-08-05T11:41:46
EOA_0x80f84C65eF455aA91af65Ea00d5f767D150C420d,EOA,EID_20885,call to trade with limit,2018-08-05T11:41:46
EOA_0x05383a45900b0cebdb5f69a05078a59c4628c1ba,EOA,EID_20885,call to trade with limit,2018-08-05T11:41:46
MARKET_0xc8503fb536c2032ad676b4cf26dfa33585eb43af,MARKET,EID_20885,call to trade with limit,2018-08-05T11:41:46
CONTRACT_0x1985365e9f78359a9B6AD760e32412f4a445E862,CONTRACT,EID_20886,call and transfer Ether,2018-08-05T11:41:46
EOA_0x53dD09b1Ee3AffD5700e50Af05BF898f93520eCD,EOA,EID_20886,call and transfer Ether,2018-08-05T11:41:46
EOA_0xafc2200eaa90e0f18a0d7d6c00dbd17fb423fed7,EOA,EID_20886,call and transfer Ether,2018-08-05T11:41:46
CONTRACT_0x1985365e9f78359a9B6AD760e32412f4a445E862,CONTRACT,EID_20887,call to trade with limit,2018-08-05T11:41:46
EOA_0x7c502956dDFDf87587886AaC93A9AeF0f1F4000A,EOA,EID_20887,call to trade with limit,2018-08-05T11:41:46
EOA_0x29e9fc1a0ae16bf88001b998ed2b283259bb40ca,EOA,EID_20887,call to trade with limit,2018-08-05T11:41:46
MARKET_0xc8503fb536c2032ad676b4cf26dfa33585eb43af,MARKET,EID_20887,call to trade with limit,2018-08-05T11:41:46
CONTRACT_0x1985365e9f78359a9B6AD760e32412f4a445E862,CONTRACT,EID_20888,call to trade with limit,2018-08-05T11:43:18
EOA_0xc2c49AD987fB0a485fA63255Cad829da8EfA58a7,EOA,EID_20888,call to trade with limit,2018-08-05T11:43:18
EOA_0x686dee699f1f8b38093f85bbc0080da9f94dffdc,EOA,EID_20888,call to trade with limit,2018-08-05T11:43:18
MARKET_0x3b27b8c9a3b53f94ef151852994a3d0fa973b174,MARKET,EID_20888,call to trade with limit,2018-08-05T11:43:18
CONTRACT_0x1985365e9f78359a9B6AD760e32412f4a445E862,CONTRACT,EID_20889,call and transfer Ether,2018-08-05T11:43:18
EOA_0x63D91683f0C46BC2B2461fE94755fF52b53C142F,EOA,EID_20889,call and transfer Ether,2018-08-05T11:43:18
EOA_0x6e54c513baa9f25d2e554c47d98adaf4445baa23,EOA,EID_20889,call and transfer Ether,2018-08-05T11:43:18
CONTRACT_0x1985365e9f78359a9B6AD760e32412f4a445E862,CONTRACT,EID_20890,call to trade with limit,2018-08-05T11:43:18
EOA_0x5672c9d255Fe59c5e9b71b46764b5B4Eae996Fa8,EOA,EID_20890,call to trade with limit,2018-08-05T11:43:18
EOA_0x063b3f8bbde4f0d11524d3a2a040b3791e52a531,EOA,EID_20890,call to trade with limit,2018-08-05T11:43:18
MARKET_0x3b27b8c9a3b53f94ef151852994a3d0fa973b174,MARKET,EID_20890,call to trade with limit,2018-08-05T11:43:18
CONTRACT_0x1985365e9f78359a9B6AD760e32412f4a445E862,CONTRACT,EID_20891,call to trade with limit,2018-08-05T11:45:54
EOA_0xb3Ebe52C6E630d4e237E5E204BB1A07c17aa1375,EOA,EID_20891,call to trade with limit,2018-08-05T11:45:54
EOA_0xe6d1af145c3b3a0f904aba27d300989172e6680b,EOA,EID_20891,call to trade with limit,2018-08-05T11:45:54
MARKET_0xc8503fb536c2032ad676b4cf26dfa33585eb43af,MARKET,EID_20891,call to trade with limit,2018-08-05T11:45:54
CONTRACT_0x1985365e9f78359a9B6AD760e32412f4a445E862,CONTRACT,EID_20892,call and transfer Ether,2018-08-05T11:45:54
EOA_0x21EA99EE1867A44237c1a1c6181bd73B6C54484c,EOA,EID_20892,call and transfer Ether,2018-08-05T11:45:54
EOA_0x992f7bc3cb94e4d88106b76a921f3bc28b54aaf6,EOA,EID_20892,call and transfer Ether,2018-08-05T11:45:54
CONTRACT_0x1985365e9f78359a9B6AD760e32412f4a445E862,CONTRACT,EID_20893,call to trade with limit,2018-08-05T11:45:54
EOA_0xFAACaF349f5Ee0486937077E461c77bFB3DE9D06,EOA,EID_20893,call to trade with limit,2018-08-05T11:45:54
EOA_0xc3c29a70ff8ce501666279199ee9a81448dee32d,EOA,EID_20893,call to trade with limit,2018-08-05T11:45:54
MARKET_0xc8503fb536c2032ad676b4cf26dfa33585eb43af,MARKET,EID_20893,call to trade with limit,2018-08-05T11:45:54
CONTRACT_0x1985365e9f78359a9B6AD760e32412f4a445E862,CONTRACT,EID_20894,call to trade with limit,2018-08-05T11:46:22
EOA_0x5aE687bef913a0c468Bcd488f6e3d520d37dB119,EOA,EID_20894,call to trade with limit,2018-08-05T11:46:22
EOA_0x132529d28b55cb7cba696a7e08c3bd0da07c2c58,EOA,EID_20894,call to trade with limit,2018-08-05T11:46:22
MARKET_0xc8503fb536c2032ad676b4cf26dfa33585eb43af,MARKET,EID_20894,call to trade with limit,2018-08-05T11:46:22
CONTRACT_0x1985365e9f78359a9B6AD760e32412f4a445E862,CONTRACT,EID_20895,call and transfer Ether,2018-08-05T11:46:22
EOA_0x47bd130b9AB465574437A4Ff3F858C9AD4AFF969,EOA,EID_20895,call and transfer Ether,2018-08-05T11:46:22
EOA_0x4f9ad5b8bb6eea611639dfac2d4289ac5ed3aecb,EOA,EID_20895,call and transfer Ether,2018-08-05T11:46:22
CONTRACT_0x1985365e9f78359a9B6AD760e32412f4a445E862,CONTRACT,EID_20896,call to trade with limit,2018-08-05T11:46:22
EOA_0x1Cf83acdFcE9BA3d5A092884095FCc5dE7211710,EOA,EID_20896,call to trade with limit,2018-08-05T11:46:22
EOA_0xf1a4cdc79cbf585b182fcd1da120167b1b0518a0,EOA,EID_20896,call to trade with limit,2018-08-05T11:46:22
MARKET_0xc8503fb536c2032ad676b4cf26dfa33585eb43af,MARKET,EID_20896,call to trade with limit,2018-08-05T11:46:22
CONTRACT_0x1985365e9f78359a9B6AD760e32412f4a445E862,CONTRACT,EID_433,create new contract,2018-07-10T17:34:05
EOA_0xe2f3800af0aba28c80ad7935bac905aa45bd2de1,EOA,EID_433,create new contract,2018-07-10T17:34:05
MARKET_0x0c978d61dd58200cda4687a6810feb69a5069403,MARKET,EID_433,create new contract,2018-07-10T17:34:05
CONTRACT_0x1985365e9f78359a9B6AD760e32412f4a445E862,CONTRACT,EID_434,create new contract,2018-07-10T17:34:05
EOA_0x1513195cbb8bf024085b879cabf3c886dfc1f1a3,EOA,EID_434,create new contract,2018-07-10T17:34:05
MARKET_0x5e2130c995d105510467c2610893ab8464d3448d,MARKET,EID_434,create new contract,2018-07-10T17:34:05
CONTRACT_0x1985365e9f78359a9B6AD760e32412f4a445E862,CONTRACT,EID_38,delegate call to get reporting participant,2018-11-04T18:10:48
EOA_0x8fefe8393817efc011e2dda09f37944720353826,EOA,EID_38,delegate call to get reporting participant,2018-11-04T18:10:48
MARKET_0x5d192f598ff29318013b3f269ae37590aa75b5f9,MARKET,EID_38,delegate call to get reporting participant,2018-11-04T18:10:48
CONTRACT_0x1985365e9f78359a9B6AD760e32412f4a445E862,CONTRACT,EID_435,create new contract,2018-07-10T17:34:05
EOA_0x6153baf51544bfb1c3992e3270e5a23bb6fe28d8,EOA,EID_435,create new contract,2018-07-10T17:34:05
CONTRACT_0x1985365e9f78359a9B6AD760e32412f4a445E862,CONTRACT,EID_193,call without Ether transfer,2018-11-05T11:15:25
EOA_0x94b0bcfd2378a092892decee77b56515dead4ef9,EOA,EID_193,call without Ether transfer,2018-11-05T11:15:25
EOA_0xf6770169D4E100d13C8EeC6ee10817bf9d45BA05,EOA,EID_193,call without Ether transfer,2018-11-05T11:15:25
CONTRACT_0x1985365e9f78359a9B6AD760e32412f4a445E862,CONTRACT,EID_436,create new contract,2018-07-10T17:34:05
EOA_0x58a90f6e6ac2e60c8f9a80d3c9bbb36275fa5200,EOA,EID_436,create new contract,2018-07-10T17:34:05
MARKET_0x5e2130c995d105510467c2610893ab8464d3448d,MARKET,EID_436,create new contract,2018-07-10T17:34:05
CONTRACT_0x1985365e9f78359a9B6AD760e32412f4a445E862,CONTRACT,EID_39,delegate call to get stake,2018-11-04T18:10:48
EOA_0xb6a82933c9eadabd981e5d6d60a6818ff806e36b,EOA,EID_39,delegate call to get stake,2018-11-04T18:10:48
CONTRACT_0x1985365e9f78359a9B6AD760e32412f4a445E862,CONTRACT,EID_439,create new contract,2018-07-10T17:36:36
EOA_0xc818e6bed793c3261b2fd7fdd49029a7663b2d1b,EOA,EID_439,create new contract,2018-07-10T17:36:36
MARKET_0x5d192f598ff29318013b3f269ae37590aa75b5f9,MARKET,EID_439,create new contract,2018-07-10T17:36:36
CONTRACT_0x1985365e9f78359a9B6AD760e32412f4a445E862,CONTRACT,EID_440,create new contract,2018-07-10T17:36:36
EOA_0x6482d7c34f8e1ea50023c74cf537399beac2f53d,EOA,EID_440,create new contract,2018-07-10T17:36:36
MARKET_0xc34941db4fca60d23f7fec90112b8e01831b661f,MARKET,EID_440,create new contract,2018-07-10T17:36:36
CONTRACT_0x1985365e9f78359a9B6AD760e32412f4a445E862,CONTRACT,EID_195,call without Ether transfer,2018-11-05T11:15:25
EOA_0x3c0daa0bfa22f6a87d9e856fe1672e80faf96318,EOA,EID_195,call without Ether transfer,2018-11-05T11:15:25
EOA_0xf6770169D4E100d13C8EeC6ee10817bf9d45BA05,EOA,EID_195,call without Ether transfer,2018-11-05T11:15:25
CONTRACT_0x1985365e9f78359a9B6AD760e32412f4a445E862,CONTRACT,EID_441,create new contract,2018-07-10T17:36:36
EOA_0x10ea8ea34c36ceeff9a67c505e8e6f1017345083,EOA,EID_441,create new contract,2018-07-10T17:36:36
CONTRACT_0x1985365e9f78359a9B6AD760e32412f4a445E862,CONTRACT,EID_196,call to get dispute round duration in seconds,2018-11-05T11:15:25
EOA_0xe120ad48d846c1c70cf4e2b052800a5d3572726c,EOA,EID_196,call to get dispute round duration in seconds,2018-11-05T11:15:25
CONTRACT_0x1985365e9f78359a9B6AD760e32412f4a445E862,CONTRACT,EID_442,create new contract,2018-07-10T17:36:36
EOA_0x072944e51262ce40d66facba84c7f3243690ea09,EOA,EID_442,create new contract,2018-07-10T17:36:36
MARKET_0xc34941db4fca60d23f7fec90112b8e01831b661f,MARKET,EID_442,create new contract,2018-07-10T17:36:36
CONTRACT_0x1985365e9f78359a9B6AD760e32412f4a445E862,CONTRACT,EID_197,call without Ether transfer,2018-11-05T11:15:25
EOA_0xed0cd45d37555fd719bbac67a0791a73cfc9eb56,EOA,EID_197,call without Ether transfer,2018-11-05T11:15:25
EOA_0xf6770169D4E100d13C8EeC6ee10817bf9d45BA05,EOA,EID_197,call without Ether transfer,2018-11-05T11:15:25
CONTRACT_0x1985365e9f78359a9B6AD760e32412f4a445E862,CONTRACT,EID_437,create new contract,2018-07-10T17:34:05
EOA_0x847174674c1579e9e4e072976a679fdb570f857c,EOA,EID_437,create new contract,2018-07-10T17:34:05
MARKET_0x5d192f598ff29318013b3f269ae37590aa75b5f9,MARKET,EID_437,create new contract,2018-07-10T17:34:05
CONTRACT_0x1985365e9f78359a9B6AD760e32412f4a445E862,CONTRACT,EID_438,create new contract,2018-07-10T17:34:05
EOA_0x405b6e389f2fe91021afedf803e432c830941779,EOA,EID_438,create new contract,2018-07-10T17:34:05
CONTRACT_0x1985365e9f78359a9B6AD760e32412f4a445E862,CONTRACT,EID_194,call to get dispute round duration in seconds,2018-11-05T11:15:25
EOA_0xb723f639fab5bed021c42ab2708aa6a0f6f2fe76,EOA,EID_194,call to get dispute round duration in seconds,2018-11-05T11:15:25
CONTRACT_0x75228DcE4D82566d93068A8D5d49435216551599,CONTRACT,EID_32,create new contract,2018-11-11T01:23:55
MARKET_0xc9f0006902b67a7a8ef0e94f9140493243bd3019,MARKET,EID_4216649,call to create order,2019-03-23T16:04:07
CONTRACT_0x1985365e9f78359a9B6AD760e32412f4a445E862,CONTRACT,EID_1483379,delegate call to get worse order ID,2019-01-07T14:42:09
ORDER_0xdaada7659067f06b522222bc855737e321288ed79ccf320a6ad9dd11c444e09c,ORDER,EID_1483379,delegate call to get worse order ID,2019-01-07T14:42:09
ORDER_0x0dc4aff05d5338631a3cd84ca402e7f98dc5301fad3191a757ac801e1ba335d3,ORDER,EID_1483379,delegate call to get worse order ID,2019-01-07T14:42:09
CONTRACT_0x1985365e9f78359a9B6AD760e32412f4a445E862,CONTRACT,EID_1483404,delegate call to get universe,2019-01-07T14:42:09
ORDER_0x04bd599668f26d72d18bd849abbe07df0803aca9f9b36d7d3e4f2d84e90fa760,ORDER,EID_1483404,delegate call to get universe,2019-01-07T14:42:09
CONTRACT_0x1985365e9f78359a9B6AD760e32412f4a445E862,CONTRACT,EID_1483429,delegate call to check for container for share token,2019-01-07T14:42:09
CONTRACT_0x1985365e9f78359a9B6AD760e32412f4a445E862,CONTRACT,EID_1483380,delegate call to set price,2019-01-07T14:42:09
MARKET_0x3c4e7bfacf45e5f0936e3efe0b5ab3c6c9ced78c,MARKET,EID_1483380,delegate call to set price,2019-01-07T14:42:09
CONTRACT_0x1985365e9f78359a9B6AD760e32412f4a445E862,CONTRACT,EID_1483405,delegate call to get share token,2019-01-07T14:42:09
CONTRACT_0x1985365e9f78359a9B6AD760e32412f4a445E862,CONTRACT,EID_1483430,delegate call to get market,2019-01-07T14:42:09
TOKEN_0xd5524179cB7AE012f5B642C1D6D700Bbaa76B96b,TOKEN,EID_1483430,delegate call to get market,2019-01-07T14:42:09
CONTRACT_0x1985365e9f78359a9B6AD760e32412f4a445E862,CONTRACT,EID_1483381,delegate call to assert balances,2019-01-07T14:42:09
ORDER_0xdaada7659067f06b522222bc855737e321288ed79ccf320a6ad9dd11c444e09c,ORDER,EID_1483381,delegate call to assert balances,2019-01-07T14:42:09
CONTRACT_0x1985365e9f78359a9B6AD760e32412f4a445E862,CONTRACT,EID_1483406,delegate call to record fill order,2019-01-07T14:42:09
ORDER_0x04bd599668f26d72d18bd849abbe07df0803aca9f9b36d7d3e4f2d84e90fa760,ORDER,EID_1483406,delegate call to record fill order,2019-01-07T14:42:09
ORDER_0x0dc4aff05d5338631a3cd84ca402e7f98dc5301fad3191a757ac801e1ba335d3,ORDER,EID_1483406,delegate call to record fill order,2019-01-07T14:42:09
CONTRACT_0x1985365e9f78359a9B6AD760e32412f4a445E862,CONTRACT,EID_1483431,delegate call to check for container for share token,2019-01-07T14:42:09
CONTRACT_0x1985365e9f78359a9B6AD760e32412f4a445E862,CONTRACT,EID_1483382,delegate call to get balance,2019-01-07T14:42:09
EOA_0xe541147883Bea7D08fDAD88E4B154456EFd0B29d,EOA,EID_1483382,delegate call to get balance,2019-01-07T14:42:09
ORDER_0xdaada7659067f06b522222bc855737e321288ed79ccf320a6ad9dd11c444e09c,ORDER,EID_1483382,delegate call to get balance,2019-01-07T14:42:09
CONTRACT_0x1985365e9f78359a9B6AD760e32412f4a445E862,CONTRACT,EID_1483407,delegate call to transfer token on behalf of the owner,2019-01-07T14:42:09
CONTRACT_0x1985365e9f78359a9B6AD760e32412f4a445E862,CONTRACT,EID_1483432,delegate call to get market,2019-01-07T14:42:09
TOKEN_0xd5524179cB7AE012f5B642C1D6D700Bbaa76B96b,TOKEN,EID_1483432,delegate call to get market,2019-01-07T14:42:09
CONTRACT_0x1985365e9f78359a9B6AD760e32412f4a445E862,CONTRACT,EID_1483383,delegate call to get market,2019-01-07T14:42:09
ORDER_0x0dc4aff05d5338631a3cd84ca402e7f98dc5301fad3191a757ac801e1ba335d3,ORDER,EID_1483383,delegate call to get market,2019-01-07T14:42:09
CONTRACT_0x1985365e9f78359a9B6AD760e32412f4a445E862,CONTRACT,EID_1483408,delegate call to get the number of outcomes,2019-01-07T14:42:09
ORDER_0x04bd599668f26d72d18bd849abbe07df0803aca9f9b36d7d3e4f2d84e90fa760,ORDER,EID_1483408,delegate call to get the number of outcomes,2019-01-07T14:42:09
CONTRACT_0x1985365e9f78359a9B6AD760e32412f4a445E862,CONTRACT,EID_1483433,delegate call to check for container for share token,2019-01-07T14:42:09
CONTRACT_0x1985365e9f78359a9B6AD760e32412f4a445E862,CONTRACT,EID_1483384,delegate call to get outcome,2019-01-07T14:42:09
EOA_0xe541147883Bea7D08fDAD88E4B154456EFd0B29d,EOA,EID_1483384,delegate call to get outcome,2019-01-07T14:42:09
ORDER_0xdaada7659067f06b522222bc855737e321288ed79ccf320a6ad9dd11c444e09c,ORDER,EID_1483384,delegate call to get outcome,2019-01-07T14:42:09
ORDER_0x0dc4aff05d5338631a3cd84ca402e7f98dc5301fad3191a757ac801e1ba335d3,ORDER,EID_1483384,delegate call to get outcome,2019-01-07T14:42:09
CONTRACT_0x1985365e9f78359a9B6AD760e32412f4a445E862,CONTRACT,EID_1483409,delegate call to get denomination token,2019-01-07T14:42:09
CONTRACT_0x1985365e9f78359a9B6AD760e32412f4a445E862,CONTRACT,EID_1483434,delegate call to get market,2019-01-07T14:42:09
TOKEN_0xd5524179cB7AE012f5B642C1D6D700Bbaa76B96b,TOKEN,EID_1483434,delegate call to get market,2019-01-07T14:42:09
CONTRACT_0x1985365e9f78359a9B6AD760e32412f4a445E862,CONTRACT,EID_1483385,delegate call to get denomination token,2019-01-07T14:42:09
TOKEN_0xd5524179cB7AE012f5B642C1D6D700Bbaa76B96b,TOKEN,EID_1483385,delegate call to get denomination token,2019-01-07T14:42:09
CONTRACT_0x1985365e9f78359a9B6AD760e32412f4a445E862,CONTRACT,EID_1483410,delegate call to get number of ticks,2019-01-07T14:42:09
ORDER_0x04bd599668f26d72d18bd849abbe07df0803aca9f9b36d7d3e4f2d84e90fa760,ORDER,EID_1483410,delegate call to get number of ticks,2019-01-07T14:42:09
CONTRACT_0x1985365e9f78359a9B6AD760e32412f4a445E862,CONTRACT,EID_1483435,delegate call to check for container for share token,2019-01-07T14:42:09
CONTRACT_0x1985365e9f78359a9B6AD760e32412f4a445E862,CONTRACT,EID_1483386,delegate call to get share token,2019-01-07T14:42:09
CONTRACT_0x1985365e9f78359a9B6AD760e32412f4a445E862,CONTRACT,EID_1483411,delegate call to get share token,2019-01-07T14:42:09
CONTRACT_0x1985365e9f78359a9B6AD760e32412f4a445E862,CONTRACT,EID_1483436,delegate call to get market,2019-01-07T14:42:09
TOKEN_0xd5524179cB7AE012f5B642C1D6D700Bbaa76B96b,TOKEN,EID_1483436,delegate call to get market,2019-01-07T14:42:09
CONTRACT_0x1985365e9f78359a9B6AD760e32412f4a445E862,CONTRACT,EID_1483387,delegate call to get the number of outcomes,2019-01-07T14:42:09
TOKEN_0xd5524179cB7AE012f5B642C1D6D700Bbaa76B96b,TOKEN,EID_1483387,delegate call to get the number of outcomes,2019-01-07T14:42:09
CONTRACT_0x1985365e9f78359a9B6AD760e32412f4a445E862,CONTRACT,EID_1483412,delegate call to create shares,2019-01-07T14:42:09
ORDER_0x04bd599668f26d72d18bd849abbe07df0803aca9f9b36d7d3e4f2d84e90fa760,ORDER,EID_1483412,delegate call to create shares,2019-01-07T14:42:09
CONTRACT_0x1985365e9f78359a9B6AD760e32412f4a445E862,CONTRACT,EID_1483437,delegate call to get market,2019-01-07T14:42:09
ORDER_0xdf5a2b7fe6e395c86753097c952f76e9360c9e54eb1d52b23f5e0ef839a6e266,ORDER,EID_1483437,delegate call to get market,2019-01-07T14:42:09
CONTRACT_0x1985365e9f78359a9B6AD760e32412f4a445E862,CONTRACT,EID_1483388,delegate call to get share token,2019-01-07T14:42:09
CONTRACT_0x1985365e9f78359a9B6AD760e32412f4a445E862,CONTRACT,EID_1483413,delegate call to get share token,2019-01-07T14:42:09
CONTRACT_0x1985365e9f78359a9B6AD760e32412f4a445E862,CONTRACT,EID_1483438,delegate call to check for container for share token,2019-01-07T14:42:09
CONTRACT_0x1985365e9f78359a9B6AD760e32412f4a445E862,CONTRACT,EID_1483389,delegate call to get number of ticks,2019-01-07T14:42:09
TOKEN_0xd5524179cB7AE012f5B642C1D6D700Bbaa76B96b,TOKEN,EID_1483389,delegate call to get number of ticks,2019-01-07T14:42:09
CONTRACT_0x1985365e9f78359a9B6AD760e32412f4a445E862,CONTRACT,EID_1483414,delegate call to create shares,2019-01-07T14:42:09
ORDER_0x04bd599668f26d72d18bd849abbe07df0803aca9f9b36d7d3e4f2d84e90fa760,ORDER,EID_1483414,delegate call to create shares,2019-01-07T14:42:09
CONTRACT_0x1985365e9f78359a9B6AD760e32412f4a445E862,CONTRACT,EID_1483439,delegate call to get market,2019-01-07T14:42:09
ORDER_0xdf5a2b7fe6e395c86753097c952f76e9360c9e54eb1d52b23f5e0ef839a6e266,ORDER,EID_1483439,delegate call to get market,2019-01-07T14:42:09
CONTRACT_0x1985365e9f78359a9B6AD760e32412f4a445E862,CONTRACT,EID_1483390,delegate call to get price,2019-01-07T14:42:09
ORDER_0x0dc4aff05d5338631a3cd84ca402e7f98dc5301fad3191a757ac801e1ba335d3,ORDER,EID_1483390,delegate call to get price,2019-01-07T14:42:09
CONTRACT_0x1985365e9f78359a9B6AD760e32412f4a445E862,CONTRACT,EID_1483415,delegate call to check if market is finalized,2019-01-07T14:42:09
CONTRACT_0x1985365e9f78359a9B6AD760e32412f4a445E862,CONTRACT,EID_1483440,delegate call to check for container for share token,2019-01-07T14:42:09
CONTRACT_0x1985365e9f78359a9B6AD760e32412f4a445E862,CONTRACT,EID_1483391,delegate call to get outcome,2019-01-07T14:42:09
ORDER_0x0dc4aff05d5338631a3cd84ca402e7f98dc5301fad3191a757ac801e1ba335d3,ORDER,EID_1483391,delegate call to get outcome,2019-01-07T14:42:09
TOKEN_0xd5524179cB7AE012f5B642C1D6D700Bbaa76B96b,TOKEN,EID_1483391,delegate call to get outcome,2019-01-07T14:42:09
